name	address	category	d20221201	d20221202	d20221203	d20221204	d20221205	d20221206	d20221207	d20221208	d20221209	d20221210	d20221211	d20221212	d20221213	d20221214	d20221215	d20221216	d20221217	d20221218	d20221219	d20221220	d20221221	d20221222	d20221223	d20221224	d20221225	d20221226	d20221227	d20221228	d20221229	d20221230	d20221231	d20230101	d20230102	d20230103	d20230104	d20230105	d20230106	d20230107	d20230108	d20230109	d20230110	d20230111	d20230112	d20230113	d20230114	d20230115	d20230116	d20230117	d20230118	d20230119	d20230120	d20230121	d20230122	d20230123	d20230124	d20230125	d20230126	d20230127	d20230128	d20230129	d20230130	d20230131	d20230201	d20230202	d20230203	d20230204	d20230205	d20230206	d20230207	d20230208	d20230209	d20230210	d20230211	d20230212	d20230213	d20230214	d20230215	d20230216	d20230217	d20230218	d20230219	d20230220	d20230221	d20230222	d20230223	d20230224	d20230225	d20230226	d20230227	d20230228	d20230301	sd20221201	sd20221202	sd20221203	sd20221204	sd20221205	sd20221206	sd20221207	sd20221208	sd20221209	sd20221210	sd20221211	sd20221212	sd20221213	sd20221214	sd20221215	sd20221216	sd20221217	sd20221218	sd20221219	sd20221220	sd20221221	sd20221222	sd20221223	sd20221224	sd20221225	sd20221226	sd20221227	sd20221228	sd20221229	sd20221230	sd20221231	sd20230101	sd20230102	sd20230103	sd20230104	sd20230105	sd20230106	sd20230107	sd20230108	sd20230109	sd20230110	sd20230111	sd20230112	sd20230113	sd20230114	sd20230115	sd20230116	sd20230117	sd20230118	sd20230119	sd20230120	sd20230121	sd20230122	sd20230123	sd20230124	sd20230125	sd20230126	sd20230127	sd20230128	sd20230129	sd20230130	sd20230131	sd20230201	sd20230202	sd20230203	sd20230204	sd20230205	sd20230206	sd20230207	sd20230208	sd20230209	sd20230210	sd20230211	sd20230212	sd20230213	sd20230214	sd20230215	sd20230216	sd20230217	sd20230218	sd20230219	sd20230220	sd20230221	sd20230222	sd20230223	sd20230224	sd20230225	sd20230226	sd20230227	sd20230228	sd20230301	sales12	sales1	sales2	buy12	buy1	buy2	visitorReview	blogReview	age1	age2	review1st	review1stComment	review2nd	review2ndComment	follower	follow
미장플라쎄 	"서울특별시 마포구 양화로19길 22-30,2층(동교동)"	FO																																																																																														"85,748"				"34,358"	"27,356"		"111,453"	"101,742"	"13,035"				"54,635"	"212,052"			"81,533"	"36,589"	"240,000"	"95,841"	"147,969"		"11,400"	"159,185"	"11,320"	"47,103"	"63,390"				"20,976"	"9,873"	"119,233"				"98,558"		"11,086"	"25,943"	"30,891"	"128,830"		"172,207"	"49,616"			"39,094"						"68,087"		"11,806"		"42,354"				"111,320"	"20,695"		"149,337"	"55,700"	"37,177"		"42,777"	"13,730"			"20,730"		"64,983"	"75,341"				"16,470"		"62,645"		"63,970"		"23,550"			N	N	N	1534709	828554	758425	689	1174	20	10	518	음식	437	서비스	2263	773
이관우파스타	"서울특별시 마포구 동교로46길 29,지상 2층"	FO																																																																																																																																																																									"107,799"		"45,985"					"57,925"							N	N	N	0	0	211709	164	497	20	30	82	음식	43	서비스		
디트로이트 피지스	"서울특별시 마포구 동교로46길 34,1층(연남동)"	FO																																																																																																										"73,355"																													"57,782"																																																N	N	N	73355	57782	0	145	51	20	30	109	음식	68	서비스	226	163
피크닉 마나올라나	서울특별시 마포구 성미산로 153-16 (연남동)1층 안쪽	FO																																																																																													"151,455"				"87,327"	"69,164"		"160,718"				"87,327"	"89,400"			"134,967"			"87,327"		"47,640"		"156,567"			"81,491"	"47,640"	"34,473"	"102,242"				"65,149"			"156,595"	"52,836"		"70,440"		"87,327"		"71,460"	"87,327"				"81,491"		"157,115"					"197,531"		"65,149"	"69,818"				"64,055"	"74,320"		"105,858"				"111,695"		"170,424"				"134,967"				"65,149"				"65,149"		"25,145"	"65,149"					N	N	N	1337738	1162238	881911	395	249			144	음식	74	재료	612	140
키노키친	서울특별시 마포구 와우산로29길 91층 1호 (서교동)	FO																																																																																																				"225,207"						"123,771"					"316,430"			"91,214"	"8,900"									"157,438"	"74,949"				"201,806"							"113,978"						"255,622"															"281,967"														"205,240"							"59,327"					N	N	N	765522	803793	546534	228	321			94	음식	71	서비스	2685	0
탑클라우드23	서울특별시 마포구 백범로 192 (공덕동)23층	FO																																																																																												"269,218"	"105,400"	"101,114"		"70,164"	"53,727"	"176,510"	"36,000"	"174,959"	"73,682"					"31,791"		"457,400"		"77,927"	"238,883"		"34,241"	"179,527"	"90,182"		"72,945"	"49,577"	"36,636"	"60,346"	"45,051"			"115,073"	"23,332"		"61,886"	"19,300"	"2,382"			"18,405"	"26,673"		"50,673"				"10,691"	"30,945"	"46,359"	"27,955"							"179,819"						"125,923"	"41,741"	"73,008"		"48,505"	"60,595"				"43,214"		"72,377"	"156,255"		"70,459"	"91,980"	"66,191"			"57,632"	"42,892"			"59,105"		"48,646"			N	N	N	2435280	613493	1058523	3393	664	40	30	389	음식	346	뷰	2141	17
브런치가	서울특별시 마포구 월드컵북로4길 39 (동교동)동교동 1층	FO																																																																																																								"111,182"																																		"52,364"																																"49,273"													N	N	N	111182	52364	49273	1296	1385	20	10	294	음식	95	인테리어	966	3057
최고당돈까스(상암점)	서울 마포구 월드컵북로 502월드컵파크 프라자 207호	FW																																																																																												"68,520"	"387,210"	"619,790"		"492,840"	"225,310"	"478,810"		"882,790"	"183,270"		"465,170"		"712,510"		"559,840"	"451,560"		"415,450"	"269,270"	"284,600"	"246,650"	"169,130"	"430,350"		"373,900"	"336,510"	"334,650"	"159,910"	"254,620"				"310,430"	"299,990"	"556,810"	"417,400"	"331,070"		"142,630"	"301,270"	"285,880"	"128,950"	"389,140"	"360,810"		"161,320"	"351,900"	"423,380"	"146,270"	"127,560"					"509,900"	"505,690"	"252,440"	"297,460"		"254,540"		"386,180"	"100,530"	"101,880"	"511,660"		"207,130"	"335,200"	"326,520"	"185,650"	"324,900"	"458,670"		"394,180"	"337,320"	"393,020"	"427,240"	"277,260"	"120,420"			"621,910"	"281,390"	"326,680"	"268,530"	"341,480"		"330,750"			N	N	N	8802660	6554840	7058500	109	9	40	30	45	음식	39	인테리어		
501 파스타	서울 마포구 홍익로 10서교푸르지오 102호 501파스타	FW																																																																																																		"60,200"							"65,510"																					"55,330"						"64,340"									"68,820"																"64,460"						"63,000"																	"43,230"			N	N	N	125710	188490	170690	373	44			84	음식	70	가성비		
애프터모닝	서울 마포구 연희로1길 292층	FW																																																																																													"65,780"	"64,670"					"62,020"						"70,180"		"29,140"							"65,050"	"87,020"											"36,390"														"46,400"									"79,930"																										"64,960"								N	N	N	443860	162720	64960	71	37			41	서비스	33	인테리어		
온샐러드&포케 마포구청역점	서울 마포구 모래내로1길 17상암 퍼스티지 더올림 오피스텔 103호	FW																																																																																																"64,320"										"65,980"														"66,690"																				"66,200"							"61,580"										"60,700"						"63,910"												"91,190"	"60,760"							N	N	N	196990	127780	276560	252	44	20	30	183	음식	127	재료	98	80
테이커테이블	서울 마포구 동교로30길 6연트럴타워 1층	FW																																																																																																		"67,040"																				"76,700"			"76,700"					"76,700"		"86,540"				"76,700"			"162,980"				"76,700"								"76,700"			"76,700"				"76,700"			"76,700"						"187,020"				"318,880"	"76,700"			"131,600"			"70,240"									N	N	N	220440	633020	937840	755	389	20	10	630	음식	437	인테리어	877	43
비닐하우스 공덕점	서울 마포구 백범로24길 5비닐하우스 공덕점	FW																																																																																												"61,000"																																																																																											N	N	N	61000	0	0	35	55	30	20	24	술	20	음식	285	3
까르보네(마포성산점)	서울특별시 마포구 성미산로 29	FW																																																																																												"72,610"					"82,530"	"46,430"	"110,060"		"60,460"			"96,910"	"51,560"	"91,310"		"94,710"			"79,200"		"137,900"	"66,100"				"127,730"		"47,540"	"104,640"						"81,030"	"67,380"	"76,920"			"104,160"	"62,450"	"84,050"	"58,760"				"87,800"		"58,690"	"104,880"													"52,040"	"71,230"			"82,250"	"163,610"	"51,640"	"98,790"	"49,870"			"46,330"		"96,050"	"49,800"	"131,520"				"75,710"	"68,830"			"54,870"					N	N	N	1269690	786120	1092540	218	29			55	음식	35	가성비		
그리너(연남점)	"서울 마포구 성미산로 1571층, 2층"	FW																																																																																												"111,010"	"374,145"	"814,860"		"183,866"	"500,835"	"149,660"	"552,315"	"166,040"	"556,010"		"727,180"	"410,965"	"212,545"	"284,650"	"132,745"	"544,765"		"222,990"	"311,560"	"268,305"	"439,325"	"195,715"	"633,755"		"1,268,250"	"138,610"	"112,990"		"219,925"				"194,400"	"534,510"	"115,830"	"464,080"	"570,330"		"526,630"	"291,250"	"700,340"	"484,370"	"452,410"	"665,360"		"340,400"	"466,150"	"345,230"	"352,710"	"330,960"	"1,036,770"				"489,800"	"388,270"	"153,500"	"854,920"		"121,340"		"410,720"	"387,250"	"444,480"	"672,340"		"508,735"	"431,705"	"513,020"	"562,950"	"329,620"	"810,560"		"615,955"	"428,360"	"435,110"	"548,685"	"402,770"	"553,440"		"634,870"	"596,630"	"580,565"	"303,915"	"520,170"	"1,282,814"					N	N	N	9533016	9879560	11974664	1111	387	20	30	295	재료	250	음식	2067	152
kitchen 485	서울시 마포구 서교동 399-24	POS	0	281300	277400	157600	59100	0	107200	62100	2340400	140500	118400	163700	0	0	47600	73500	390000	144200	71600	0	167000	156300	199100	541700	280400	217700	227800	325400	285800	128000	539200	72900	22800	0	58300	44800	119500	248700	206900	80800	0	84900	231700	169500	260300	184729	52600	0	74600	177237	100800	95200	154000	309800	0	0	23800	193800	206200	220100	0	196000	165500	59800	188300	403900	102200	0	134200	47600	217400	158700	354100	208400	0	143700	302500	78400	92000	317800	213000	0	85200	31300	175000	252300	187000	233700	0	145800	0																																																																																												7503000	3589966	4297800	N	N	N	888	1123	20	30	279	음식	156	서비스		
감성카츠	서울시 마포구 성산동 135-31 1층	POS	32500	50500	0	0	21000	9000	22000	0	51000	0	0	0	0	0	24500	11500	23000	0	11000	0	0	0	10200	0	0	0	30000	20500	28000	20500	0	0	11000	73000	66000	52500	9500	20000	0	26000	23300	75500	31000	59900	10000	0	15000	67000	85800	59000	41800	0	0	0	0	0	28500	22500	0	0	39800	23000	68500	123500	64000	11300	0	18500	38000	74900	29000	49000	0	0	40000	28000	82000	21300	21500	11000	0	51500	55000	23000	42000	78000	48000	0	0	59800	0																																																																																												365200	840100	1037800	N	N	N	119	13			50	음식	31	서비스		
감성타코(홍대점)	서울시 마포구 서교동 358-121	POS	1203300	1493200	2727000	2180600	1242500	963900	784500	1249000	2432500	3236200	2466600	1165610	1123100	1193300	1503200	2542000	3009300	2993800	1364200	1865300	1721100	1894900	2134500	3490000	4392500	1455900	1957800	2543400	2087400	2426000	2711400	1856800	1359500	1311800	1140100	1658800	1942000	3380900	2552600	1506400	1461500	1849700	2113200	2154400	3922100	2950700	2159700	1146000	2192400	2162540	1475800	2187900	0	3269500	2223100	1096900	1286100	1786300	3968600	2669200	1986700	2423140	1532300	1572600	2020700	3107200	2540400	1539400	1494400	1406900	1512000	2102880	4170500	3412400	1616900	1967000	1952900	2101800	2202200	4653700	4196700	2896700	2037100	2765500	2876600	2855500	5370200	3901780	2625700	2154200	0																																																																																												63554010	63194380	72586160	N	N	N	1783	2483	20	10	675	음식	217	서비스	14000	2005
광야	서울시 마포구 동교동 198-5	POS	178000	282000	232000	311000	91000	131000	104000	80000	249000	380000	304000	170000	286000	105000	216000	308000	305000	78000	291000	179000	181000	199000	257000	233000	176000	224000	320000	212000	276000	250000	243000	100000	114000	240000	215000	148000	146000	402000	239000	263000	215000	213000	305000	282000	215000	360000	148000	352000	228000	157000	242000	0	0	245000	124000	244000	133000	272000	258000	255000	129000	222000	399000	211000	306000	377000	274000	144000	155000	198000	94000	218000	278000	218000	0	0	0	0	0	0	0	0	0	0	0	0	0	0	0	0	0																																																																																												6851000	6466000	2872000	N	N	N	1184	1118	20	10	678	음식	331	메뉴	1391	1
까사라티나	서울시 마포구 서교동 337-10	POS	35800	29800	92600	17500	0	1000	5000	0	74100	129100	0	0	0	2000	14900	0	55800	9900	0	0	17500	10500	39500	40400	158700	0	49800	36800	13400	126100	131200	15000	0	0	0	0	57800	73300	45400	0	69800	15000	0	82600	70700	61200	0	31900	5000	0	0	100600	14900	19900	0	30300	10000	28000	48800	76700	0	7500	14900	74500	24000	14500	49900	0	0	14900	0	65800	93100	25900	0	26900	16900	8000	53500	93900	76700	0	18900	14900	15000	81900	48300	171300	0	97800	32000																																																																																												1091400	864400	1133500	N	N	N	62	33			15	음식	12	메뉴	7143	25
덩크트레이	서울시 마포구 공덕동 234-8 1층	POS	609600	284500	525200	247000	224000	365109	421900	356500	476400	806470	34000	323000	479500	261700	36100	257300	421700	63000	219088	1201300	627500	881900	388400	552400	186500	737700	572500	549277	743900	757800	396040	146000	308500	228800	256900	635500	523400	452700	462300	216600	324000	544800	729000	618000	398500	276500	589100	763800	580200	540900	664100	241400	0	0	0	307329	283200	466100	305810	573200	531000	551069	374700	605200	676300	231900	423347	380100	392200	666700	533500	690500	653900	170200	413400	283000	447400	382100	746400	658666	324000	395017	442800	502400	1983700	704300	527100	126300	417100	1130700	187000																																																																																												14007284	12518708	15469930	N	N	N	189	142	20	30	103	음식	102	서비스		
돈카츠 준	서울시 마포구 백범로 205 펜트라우스 101동 b226호	POS	47700	89400	51700	0	117200	27800	58600	53600	83500	65600	0	49700	35800	61600	77500	29800	50700	0	107300	5000	16900	55600	87400	44700	0	154100	32800	99400	15900	0	0	0	0	45700	111300	42700	16900	30800	0	131200	15900	18900	14900	31800	33800	0	48700	120200	34800	25800	70600	0	0	0	17900	27800	25800	136100	78500	0	29800	14900	194800	53600	99400	59600	0	137200	67600	14900	89400	79600	0	0	40700	14900	57600	119300	55700	46700	0	76500	29800	63600	98400	121300	48700	0	126100	94400	0																																																																																												1519300	1124800	1789800	N	N	N	348	94			181	음식	102	서비스	230	0
드렁큰비건	서울시 마포구 와우산로30길 13 101호	POS	36000	18000	100000	56000	0	0	0	97000	27000	18000	18000	0	0	0	45000	36000	27000	9000	0	0	0	0	18000	37000	33000	0	0	0	40000	54000	61000	0	0	0	0	0	0	22000	0	0	0	0	30000	9000	36000	34000	0	0	0	18000	0	27000	78000	0	0	0	0	24000	38000	21000	0	0	0	0	74000	37000	36000	0	0	0	19000	21000	58000	32000	0	0	0	75000	23000	32000	31000	0	0	0	24000	93000	19000	0	0	0	0																																																																																												730000	337000	574000	N	N	N	50	78	20	30	27	음식	20	메뉴	3249	580
루나씨엘로	"서울시 마포구 동교로34길 21 3, 4층 루나씨엘로"	POS	197000	74000	815000	404000	95000	373000	178908	674000	339412	512000	954000	235686	204000	100000	92000	576000	854769	416000	102000	252450	390150	549000	699000	1981000	2211100	322000	368000	219000	371000	429000	684000	0	102000	198000	150600	150966	276000	710000	384000	147000	122000	65000	47000	282000	592000	385000	283000	0	0	172000	80000	115000	0	294000	71000	96000	340000	99000	644000	62000	233000	39000	169000	300000	316000	546000	244000	78000	55000	313000	90000	233000	477500	234000	141000	284200	248966	195000	390000	542579	401000	108000	69000	310000	290000	327000	392000	324000	163000	59900	0																																																																																												15672475	6139566	7301145	N	N	N	1917	954	20	30	313	음식	189	인테리어	4199	4505
마루돈까스	서울시 마포구 양화로6길 17	POS	77000	39000	171000	137000	142000	39000	101000	79000	112000	96000	158000	175000	88000	132000	72000	116000	95000	166000	89000	118000	191000	140000	143000	116000	207000	255000	139000	259000	195000	178000	65000	136000	171000	147000	114000	149000	157000	118000	230000	164000	179000	151000	222000	99000	159000	189000	150000	85000	128000	162000	134000	23000	0	0	0	143000	169000	107000	159000	158000	193000	140000	161000	95000	197000	160000	112000	165000	194000	228000	133000	218000	149000	115000	115000	138000	120000	244000	146000	277000	178000	70000	129000	170000	134000	201000	142000	206000	123000	126000	0																																																																																												4090000	4136000	4446000	N	N	N	806	389	20	30	257	음식	78	혼밥		
멕시코다이너	서울시 마포구 합정동 367-40	POS	126800	115100	220330	132000	78000	8900	0	119230	241800	275000	13000	32900	93200	85100	124300	169700	289100	108200	137900	243000	152900	140700	220900	210600	72700	80900	112000	265800	114600	245400	179800	126400	237200	126400	188800	157300	121600	335000	196400	116400	136200	121000	141200	167400	370000	346400	97400	165700	165800	152799	169430	168800	38000	375700	101200	158700	134000	180400	378500	269600	75200	130400	130000	150800	263700	287300	408600	86600	158700	115100	190600	262900	405800	297900	124300	262600	220200	158700	186800	483600	366200	91700	97200	219300	173900	286300	451400	295000	159300	247800	0																																																																																												4409860	5649329	6582300	N	N	N	371	199	20	30	298	음식	135	메뉴		
명동왕돈까스 직영점	서울시 마포구 동교동 201-1	POS	29500	51000	119000	18000	99000	66000	69000	70500	29500	53000	65000	30500	63000	127000	70500	83000	0	0	75500	100000	28500	49000	49500	54000	19000	77500	73500	76000	39500	19000	0	0	53000	53000	33000	29500	48500	41500	42000	67500	41500	31000	39500	81500	74500	30000	57000	77500	56500	48500	38000	21500	0	28500	0	89500	58000	87000	44500	33500	78500	50500	96500	94500	70500	0	0	69500	32000	29500	95500	73000	66500	72500	115000	49000	128500	73500	9500	14500	59000	64000	73500	157000	29500	57000	34500	34500	64000	50500	0																																																																																												1704500	1435000	1713500	N	N	N	449	103	20	10	150	음식	77	서비스		
몰토베네 합정	서울시 마포구 합정동 361-20	POS	38000	150000	191000	273000	151500	326000	153000	163000	86000	229500	355000	260000	117000	199000	191000	196000	232000	165000	385000	89500	187000	135000	360000	180000	555000	260000	243000	159900	293000	245000	266000	269600	407600	59000	122000	161000	176000	161000	211000	158000	157000	289000	156000	223000	249000	331000	168000	128000	192000	145000	125000	250000	151000	311000	238000	217000	281000	154000	340000	172000	151000	198000	0	141000	194500	352000	137000	76000	300000	274000	225000	177000	291000	157000	220000	225066	218000	109000	293600	435000	279000	272000	162000	234800	92000	109000	347500	195000	183000	75000	0																																																																																												6834400	6351200	5774466	N	N	N	540	593	20	10	242	음식	169	서비스	6390	1493
묘한식탁	서울시 마포구 합정동 391-5	POS	48000	57000	54500	80000	0	0	58000	81800	83500	87000	102500	0	0	56000	134000	31500	154000	124000	0	0	110500	74200	92000	42000	169500	0	0	73700	140000	104000	175000	0	0	0	0	0	0	0	0	0	0	0	0	0	0	0	0	0	74000	38000	17000	1000	23000	0	0	45000	113500	94800	151500	45000	0	0	47500	19800	85000	107500	44000	0	0	56500	26000	128500	70500	136000	0	91000	33000	79000	0	117000	201000	0	0	182000	71800	93000	88000	11000	0	0	0																																																																																												2132700	602800	1688100	N	N	N	763	234	20	30	433	음식	385	서비스	1016	66
바삭마차(망원시장점)	서울시 마포구 월드컵로13길 64 바삭마차	POS	90183	171800	312130	367700	120200	142200	147977	218700	189600	387800	312000	123800	178475	99223	162543	145507	386900	251563	163744	149987	151300	147900	125300	289632	286900	205100	217300	156890	239500	257700	429526	360700	171400	207600	208500	235732	203300	321800	424000	250287	167612	180500	263543	158200	468000	345000	166500	248900	210500	224400	218400	478600	0	0	230800	136500	201300	140100	455800	489400	242534	345765	202900	196200	139000	528400	450511	217100	143834	276000	269322	282500	642616	574600	242700	132500	141000	183600	291500	474100	533300	257400	276434	132900	350500	265200	401500	454367	271300	265600	0																																																																																												6629080	7755673	8596884	N	N	N	5213	366	20	30	1626	음식	619	메뉴	608	1
벨라또띠아	서울시 마포구 망원동 395-15	POS	31000	68000	31500	54000	0	0	54000	39500	25000	113000	48000	0	0	35000	38000	17500	50000	54500	0	0	60000	99000	43000	49000	36000	0	0	66000	0	57000	121500	27000	0	0	41000	31000	36000	88000	49000	0	0	20000	40000	45000	73000	21000	0	0	42000	13000	6000	73000	0	0	0	20000	11000	6000	104000	66000	0	0	0	28000	99000	94000	195000	0	0	35000	126000	48000	108000	74000	0	0	60000	12000	37000	113000	134000	0	0	51000	0	42000	119000	88000	0	0	0																																																																																												1190500	812000	1463000	N	N	N	401	234	20	30	158	음식	65	재료		
붉은낙타	서울시 마포구 서교동 367-15	POS	10000	180500	106000	64000	2000	26500	34000	68000	138000	136500	39500	46000	47000	0	150500	131000	169500	55500	33000	64500	41000	169500	56500	198000	152000	11000	86000	71000	37000	197000	44500	48000	15500	75000	57500	15000	108000	108500	165000	60000	106000	21500	121500	116000	160000	87500	64500	7000	154500	9000	21500	79500	32000	82000	43500	66000	63000	96500	117000	35000	75000	24000	60000	43000	147000	269500	32000	29000	58000	94500	35000	101000	242500	100000	29000	56500	8000	29000	113000	124500	85000	14000	26000	5500	102000	133000	155500	100500	109000	63000	32000																																																																																												2565500	2235000	2397000	N	N	N	98	70	20	30	72	음식	52	인테리어	1188	382
브라운돈까스 상암MBC몰	서울시 마포구 성암로 267 MBC MALL 방송센터 지하1층 B113호	POS	135000	125300	107000	72000	114000	247500	93500	98300	126400	102000	56000	126300	50000	90000	81500	119000	39500	83500	120300	58400	134900	135000	126000	73000	41800	75000	193400	100400	74500	127000	38000	81000	233700	70400	192900	151500	175900	112000	72400	60000	117500	188000	94900	119300	83900	65000	187800	210500	125000	167500	118000	47400	42000	88400	22500	50000	80900	95500	109500	53900	166000	100500	113700	84500	110000	121800	91900	131500	203500	125500	190000	168500	133500	162000	159000	178000	156000	49200	152000	114900	56000	180500	99400	192500	57000	147900	115000	101900	48000	133800	0																																																																																												3164500	3483800	3577500	N	N	N	627	264	30	40	222	음식	81	양		
블루쿠치나	서울시 마포구 망원동 57-41	POS	97000	66000	50000	0	33000	85000	2500	34500	104500	128500	0	10000	52000	73000	32000	16000	183000	0	33000	49000	32000	17000	96000	276500	0	133000	17000	69500	14500	141000	173500	0	98000	34000	53000	34000	0	40500	0	17000	34000	99500	66000	108000	178000	0	109000	32000	31000	91000	64000	88000	0	0	49500	0	15000	17000	98000	0	51000	37000	116000	0	0	0	0	16000	68000	35500	27000	65000	24500	0	45000	100000	33000	59000	51000	161500	0	0	24500	15000	54000	86500	159000	0	68000	50000	0																																																																																												2019000	1444500	1258500	N	N	N	440	476	20	30	145	음식	80	서비스	767	437
비볼리	서울시 마포구 합정동 412-27	POS	21000	39000	250500	127000	17000	140000	0	66000	40500	144000	138000	15000	35000	0	21000	115500	232500	195500	62000	41000	0	65000	24000	402500	283000	92000	0	0	78000	131000	113500	69000	77000	31000	0	45000	79000	261000	283000	62000	40500	0	70000	106000	93000	51000	14000	117000	0	97000	72500	118000	0	0	0	0	0	3000	173500	120000	45000	7000	0	92500	46500	108000	95000	32000	42000	0	54000	9000	121000	85000	59000	97000	0	60000	84000	155000	138000	35000	15000	0	0	66500	188500	182500	59000	59000	0																																																																																												2889500	2034500	1883500	N	N	N	329	285	20	10	127	음식	74	서비스	224	209
비스트로에버	서울시 마포구 월드컵북로 332-16	POS	705000	449000	0	0	237000	244000	179500	442500	450000	0	0	170500	426000	550000	862000	717000	0	0	257000	1483000	943000	593000	691500	0	0	443000	465500	448000	1083000	0	0	0	215000	475576	231500	327000	310000	0	0	290500	288000	236000	313500	298000	0	0	649000	896000	519000	400000	182000	0	0	0	0	123000	576000	75000	0	0	387000	625500	184500	732000	377000	0	0	508000	319000	380000	1036000	47000	0	0	286000	715500	584500	247000	818500	0	0	353500	454500	163000	475500	343500	0	0	329500	237000	0																																																																																												11839500	7417576	8591500	N	N	N	60	52			21	음식	10	재료		
빌리더다이닝	"서울시 마포구 동교로30길 16 JnSBldg B1, 1F, 2F, 3F"	POS	306000	609000	1382000	511000	523059	0	394000	156000	407773	1529846	310000	558000	0	7000	106000	993648	2181625	1026875	0	198000	350000	1156778	1068000	3558000	2020000	332000	1058919	785372	2463106	1146000	1568473	662000	0	0	494000	571000	61000	983000	242000	0	0	16000	334000	906214	1142000	528000	211000	0	0	567360	344000	186000	672000	744000	726000	154440	0	669000	926000	406000	45000	0	193000	184000	243000	723000	424000	894000	0	40000	240000	223000	877297	551000	361000	1093000	0	898000	777000	801000	245000	212939	0	530000	445000	478843	760000	234000	279000	0	0																																																																																												26706474	11590014	11707079	N	N	N	2834	533	20	30	841	음식	576	재료	10000	97
빠네돌체	서울시 마포구 마포동 388-5	POS	37000	69000	116500	85500	0	0	63000	132000	83500	52500	79500	0	0	89500	319500	17000	144500	94500	0	0	89000	68000	163500	0	237000	0	0	104500	122000	106000	111500	186500	0	0	101400	72500	77000	186850	102000	0	0	70500	27000	259500	107000	46500	0	0	122000	91500	52846	127000	0	0	0	0	153500	112500	516000	213500	0	0	112500	85000	125500	111071	144000	0	0	110800	238000	39000	117500	171500	0	0	33000	69000	109000	66000	244500	0	0	78000	29000	143500	107500	306773	0	0	0																																																																																												2385000	2625596	2441144	N	N	N	307	61	40	30	184	뷰	164	음식	752	31
소나무연남	서울시 마포구 월드컵북로4길 59 지층 소나무연남 돈까스	POS	141000	15000	79000	0	136000	52000	0	56000	50000	53000	0	50000	0	30000	84000	31000	0	0	111000	29000	115000	31000	50000	3000	0	47000	48000	140000	119000	0	44000	0	45000	15000	60000	45000	37000	59000	0	18000	13000	127000	70000	141000	19000	0	32000	166000	31000	0	91000	0	0	0	0	0	91000	171000	113000	0	121000	65000	134000	148000	114000	101000	0	198000	80000	59000	61000	84000	147000	0	88000	135000	15000	73000	104000	108000	0	32000	123000	48000	0	0	0	0	46000	73000	0																																																																																												1514000	1530000	1971000	N	N	N	338	87			282	음식	172	서비스	510	292
소코아	서울시 마포구 서교동 411-12 1층 소코아 홍대점	POS	182000	130500	106000	210500	268500	155500	207000	138500	200400	230900	225500	206800	189700	197300	263300	293300	233000	160100	224400	246300	219900	237900	193900	234900	179800	139900	297900	184900	170900	228900	124500	0	335500	253900	306400	168700	121900	176000	186400	151500	211000	162400	208000	233600	222000	231000	210500	234300	254900	166400	240200	94400	0	341900	134500	167000	260900	148400	253400	269000	216000	202300	186000	171300	291800	221900	132900	62500	0	202900	225000	207000	219800	218300	199500	156900	200300	183000	287900	194000	272500	117500	215900	215700	194000	181500	132300	231900	216000	121000	0																																																																																												6282900	6162400	5259300	N	N	N	908	554	20	10	456	음식	213	서비스	293	23
수엠부	서울시 마포구 신수동 81-54	POS	76000	98000	12000	0	14000	29000	75500	78000	47000	26000	31500	13500	26900	20000	42500	4000	10000	23000	39500	0	47000	0	17900	63000	28000	65500	35000	35000	18000	2500	92000	26000	26900	0	20000	0	25000	0	88900	35000	72500	12000	10000	129500	8500	15900	11000	34500	46900	12000	0	17000	8000	3500	29500	90000	55000	62000	20000	5000	0	69000	11900	11000	41900	27000	0	139000	33500	0	7000	15000	24000	25000	22000	13000	80000	2500	142000	11900	144500	110000	64000	16000	12000	66000	0	8000	0	0	0																																																																																												1070300	933600	1027200	N	N	N	110	101	20	30	52	음식	32	메뉴		
스푼필라프 홍대점	서울시 마포구 서교동 442-30	FWPOS	12500	543804	65700	154400	111010	127900	107600	887010	75100	64400	1025300	80500	146900	645100	715180	132775	52400	147105	83550	76600	650100	117140	43000	122100	169900	930410	91600	80600	100300	126825	77100	86000	70205	69900	53675	111100	71500	91660	70375	499700	110200	178800	592855	170900	114350	95300	105750	1220775	584300	53500	133400	36700	0	118405	58480	116455	0	133325	174800	947730	909475	131130	77693	110700	776500	942700	97200	112000	139200	106725	835900	131727	89300	86625	129400	104100	662100	873600	711130	43200	65700	115300	125300	290400	132300	902110	37400	119805	146205	0	0	"181,640"	"132,800"	"512,580"		"120,140"	"132,380"	"238,560"	"82,810"	"197,450"	"376,150"		"227,810"	"242,200"	"244,620"	"113,190"		"382,980"		"233,470"	"358,730"	"212,140"		"163,700"	"523,710"		"216,720"	"178,690"	"178,230"	"96,100"	"95,460"			"69,930"	"57,150"	"110,550"	"162,500"	"231,170"	"539,520"				"361,031"	"193,570"	"296,900"	"597,750"		"86,420"	"207,560"	"260,140"	"262,960"	"410,680"					"344,310"	"115,660"		"438,250"		"98,110"		"177,720"	"82,200"	"234,500"	"417,150"		"189,120"	"167,650"	"248,960"	"161,000"	"408,840"	"233,350"		"142,260"	"224,550"	"284,000"	"168,970"	"233,360"	"384,480"			"99,800"	"206,320"	"187,560"	"171,480"	"424,954"					7763909	7110745	7964320	5442260	4844161	4848224	325	180	20	30	237	음식	167	가성비		
스프링비스트로	서울시 마포구 합정동 392-13 2층	POS	54000	176920	28000	76000	188000	112000	75000	39000	104000	129000	107000	58000	0	35000	129000	133560	593000	87000	78000	128000	150000	109000	201000	286000	314000	86000	138000	177000	141000	105000	122000	102000	44000	46000	113000	91000	174013	218324	163000	238000	113000	98000	79000	29000	87000	117000	0	114000	171000	168000	74000	110000	0	0	0	6000	172000	19000	113000	125000	0	129000	261000	86538	226000	111000	245000	0	179000	117000	83000	130000	160000	85000	0	85000	89000	92000	43000	232000	0	0	208000	137000	183000	141000	39000	0	0	174603	0																																																																																												4159480	2913337	3107141	N	N	N	501	539	20	30	311	음식	184	인테리어	282	301
슬로우야드 바비큐	서울시 마포구 합정동 396-2	POS	0	0	0	0	0	0	0	0	0	0	0	0	0	72000	279000	8500	0	0	392000	1256000	646000	1904500	2199500	3642500	3717000	1141500	1175000	2526500	1862000	4053000	4104000	2567500	2571500	2943500	2212500	2472500	2605500	4097500	3812500	2439500	2469000	3099500	3199000	2842000	5622000	3095500	1860000	2996500	1839500	3589000	3930000	0	0	0	2232000	1118000	1587500	2487000	3599000	4010500	2071500	2579000	2501000	3420000	3471500	5511500	4381000	3012500	2327500	3558000	2683000	3622500	3413500	4112500	1780000	2404500	2368000	2240000	2948000	4370000	3414500	2719000	1964000	2547000	4428000	3170500	3661000	2900000	2275500	2560500	0																																																																																												28979000	79949000	87765000	N	N	N	174	171	20	30	81	매장	79	음식	520	0
아르고보니	서울시 마포구 서교동 474-13 1층	POS	0	0	0	0	0	0	0	0	0	0	0	0	0	0	0	0	0	0	0	0	0	0	0	0	0	0	0	0	0	0	0	0	20000	5500	10000	10000	5500	54600	34400	64400	23300	4000	15300	16000	20400	0	0	0	26300	36800	5300	9000	0	29100	5000	46100	10500	9500	24800	40600	130000	45300	32000	53600	9000	29500	37600	34900	36800	34334	43100	52200	23600	16800	15000	9500	36100	20800	19000	24600	51700	0	36900	18300	44300	44800	36300	18500	26600	18600	0																																																																																												0	701700	824434	N	N	N	72	33	20	30	45	인테리어	32	서비스	334	64
앨리스 바이 미니멜츠	서울시 마포구 성산로 128 마포중앙도서관 지하1층	POS	48500	32500	26000	44000	33000	20000	30000	69000	24000	47200	32500	20500	27200	5200	18500	13000	55500	47300	33000	4500	12000	15000	113000	6000	27000	20500	24000	28000	24000	23500	12000	0	15000	63000	22500	14500	4000	23500	34000	4500	25000	35000	35000	0	39500	38500	7500	8500	13400	13500	18500	0	0	0	0	62000	35000	36500	22500	40500	18000	33000	8500	28500	30500	16500	13800	29500	45500	41500	28000	27500	29000	55000	25000	28500	39000	26500	26500	24500	19000	22000	0	3000	15500	15000	10500	9000	26500	43500	0																																																																																												936400	662900	687800	N	N	N	202	12	20	30	70	서비스	54	음식	1664	118
에트나퓨	서울시 마포구 연남동 228-56	POS	12500	96500	131000	76000	56000	0	27000	0	43500	125500	225000	0	116500	90800	31000	96000	180500	117000	96000	44500	86500	35000	39500	139500	401500	29000	125000	83500	89000	180500	215500	87000	7000	58000	2500	77000	5000	114900	85000	68500	38500	128000	7500	55000	193500	86500	36500	125500	28000	32000	255400	69500	180500	151900	91500	16500	19500	39000	111000	98000	80000	174500	46000	41500	72000	145000	37000	22500	106000	118300	92500	1000	226500	90000	51500	74000	66500	41000	117500	31000	13000	108000	103500	75500	56900	23500	464000	48500	20000	162000	0																																																																																												2989800	2523200	2454700	N	N	N	444	344	20	30	303	음식	212	서비스	2195	394
엘리스리틀이태리	서울시 마포구 공덕동 476	POS	248000	213000	260000	180000	0	151000	256000	78000	521000	270000	313000	0	323000	198000	223000	321000	281000	347000	0	223000	80000	194500	188000	245000	146000	0	200000	194000	155000	279000	228000	127000	0	130000	106000	344000	256000	324000	131000	0	214500	119000	208000	106000	330000	105000	0	122000	281000	133000	257500	0	0	0	0	104000	145000	256500	67000	146000	0	114000	83000	138000	194000	184000	233000	0	106000	166000	292000	258000	172500	146000	0	297000	201000	215500	289000	210000	282000	0	231000	90000	167000	178000	493000	298000	0	322000	0																																																																																												6315500	4126500	5246000	N	N	N	554	345	30	20	202	음식	93	메뉴		
연남동와이탑	서울시 마포구 연남동 223-21	POS	84500	507500	157500	15500	22000	125500	37000	33500	0	144500	266500	106500	0	45500	161500	0	306000	261500	40000	163500	114500	88500	180000	240500	176500	134000	84000	90500	142500	195500	249000	116500	17500	81000	35500	18000	42500	212000	368000	99500	39000	0	153000	33500	551000	89000	0	0	110500	107000	79500	85000	196000	235000	20500	224000	9000	93000	273000	210000	106500	157000	118500	63500	97000	378000	319500	113500	88000	186000	108500	178000	653500	315500	21500	292000	130500	8000	97000	688500	328500	107500	104000	245500	244500	201500	333500	213000	100000	80500	0																																																																																												4174000	3762000	5815500	N	N	N	773	212			546	음식	494	서비스	1182	2419
엽전식당 연남점	서울시 마포구 성미산로 194-4	POS	28000	0	36000	29000	108000	20000	10900	9000	7900	153000	25900	60900	39000	77900	62900	24000	36000	5000	20000	57900	0	0	18900	17000	0	58800	28900	0	21000	36000	12000	8000	36000	35000	0	9000	9000	97000	0	10000	0	0	0	25000	4000	0	24000	36000	0	8000	39600	37900	0	0	0	0	0	12000	40000	0	0	33000	0	0	81000	2000	44000	48000	22000	10000	6000	17000	9000	0	0	9000	59000	20000	16000	10000	58000	6000	8000	40000	91000	88000	51000	56000	14000	15000	0																																																																																												1003900	463500	780000	N	N	N	54	31			33	음식	21	서비스		
오이도	서울시 마포구 연남동 567-39	POS	21000	21000	281000	0	0	49000	16000	0	0	63000	9000	16000	0	52000	0	58000	121500	63000	0	28000	32500	0	18000	81000	8000	44000	9000	67000	0	23500	30000	29000	0	34000	27000	81500	40000	0	0	15000	18000	71000	32000	32000	44000	9000	0	54000	10000	52000	38000	15000	0	0	55000	0	9500	0	23000	25500	41000	10000	46000	9000	0	99000	0	90000	23000	85000	0	47000	39000	42000	16000	99000	7000	8000	72000	7000	0	16000	60000	16000	49000	73000	9000	0	34000	23000	90500																																																																																												1111500	765500	1059500	N	N	N	44	0			23	음악	10	술		
요나끼	서울시 마포구 도화동 173	POS	55000	44000	0	0	58000	35000	17000	7000	16000	0	0	44000	61000	39000	8000	51000	0	0	32000	61000	35000	13000	8000	0	0	50000	28000	18000	17000	8000	0	0	54000	39000	16000	40000	28000	0	0	23000	17000	43000	71000	49000	0	0	83000	50000	34000	47000	31000	0	0	0	0	31000	49000	47000	0	0	56000	54000	23000	8000	7000	0	0	32000	48000	31000	94000	57000	0	0	32000	16000	23000	16000	85000	0	0	0	0	0	0	0	0	0	0	0	0																																																																																												705000	862000	472000	N	N	N	160	4			57	음식	18	가성비		
우애돈카츠 연남점	서울시 마포구 동교로38길 42-6 1층 101호 우애돈카츠 연남점	POS	23750	32000	31000	15000	0	0	66000	47000	16000	49000	79000	31000	0	26000	0	0	20000	0	46000	0	34000	15000	0	62000	146000	15000	48000	80000	18000	76000	131000	63000	68000	84000	15000	36000	34000	75000	17000	45000	0	34000	10000	0	71000	53000	15000	10000	16000	50000	18000	22500	73500	26000	16000	0	86000	69000	102500	40000	79000	50000	3000	36000	0	31000	41500	15000	52500	16000	64000	16000	60000	59000	34000	33000	16000	53000	31000	95000	53000	57500	31000	24000	17000	18000	36000	80000	16000	16000	0																																																																																												1106750	1278500	1004500	N	N	N	190	173	20	10	176	음식	125	서비스	118	53
이오카츠공덕점	서울시 마포구 마포대로 109 롯데캐슬지하1층 상가내	POS	217500	296500	67500	117500	193500	221000	244500	214000	195500	103500	119500	290000	276500	236000	135000	191500	282500	183500	176000	148000	168500	183000	150000	141000	186500	206000	298000	186500	158500	209000	148000	252000	254000	306000	316000	153000	377500	122500	145000	273500	217000	255000	156000	343500	214500	165500	320000	149000	260000	225500	233500	84000	183000	241000	42500	255000	398000	239500	279000	312900	204000	201000	242000	297500	256000	124000	240500	182000	240000	123000	201000	148000	188500	152500	227000	299500	218000	267000	200500	199500	240500	218500	244500	298000	137000	371500	260500	291000	219500	273000	0																																																																																												5944500	7178900	6360500	N	N	N	872	407	20	30	173	음식	107	서비스		
이응이응이응이응	서울시 마포구 상수동 317-9	POS	11118	131000	432000	282000	46000	179285	0	171202	107797	205143	182194	79500	6500	135500	64500	167762	280391	318345	162323	290276	146000	110515	266781	1240391	1691375	261870	193869	380000	196023	495566	563524	52500	88111	245426	139263	217000	126625	287602	208658	172388	53486	125197	33864	275370	798324	198156	0	104424	82500	22000	424949	141446	0	320321	119311	185000	43000	178069	83628	143164	178696	165000	245172	37000	192662	530593	181065	81575	0	86000	97833	200347	366828	377273	79660	268208	109000	75500	217789	376149	376065	209576	28500	27000	63627	133500	501162	98306	385568	192373	0																																																																																												8798750	5213478	5538331	N	N	N	1025	681	20	30	598	음식	505	인테리어	1416	864
인더썬	서울시 마포구 월드컵북로 396 누리꿈스퀘어 B1층 1044호	FWPOS	33700	10900	0	0	0	34700	21800	0	12900	0	0	32700	32700	12900	12900	0	0	0	11900	32700	12900	11900	0	0	0	54500	46600	21800	0	0	0	0	54500	42600	0	21800	0	0	0	0	2000	0	31700	0	0	0	23800	0	35700	47600	10900	0	0	0	0	25800	21800	33700	0	0	0	21800	11900	0	12900	0	0	53500	0	0	0	0	0	0	0	37700	32700	0	12900	0	0	25800	11900	12900	43600	23800	0	0	24800	49600	0		"146,000"			"45,950"			"167,700"							"79,320"								"64,780"							"79,250"						"139,730"						"93,080"														"76,250"			"106,580"					"31,440"																				"88,140"								397500	373700	354000	583000	415640	119580	48	11			13	가성비	12	음식	134	90
쥬벤쿠바 연남점	서울시 마포구 성미산로29길 34	POS	24000	6000	66000	16000	6000	34000	0	33000	0	143000	68000	32000	16000	0	37000	96000	133000	143000	0	69000	33000	77000	58000	344000	185000	64000	34000	76000	228000	106000	117000	26000	52000	70000	36000	67000	15000	237000	191000	24000	0	60000	21000	16000	287000	45000	0	16000	75000	64000	109000	23000	0	0	3000	0	69000	33000	113000	45000	53000	20000	80000	33000	138000	238000	32000	27000	32000	56000	40000	105000	169000	121000	174000	0	85000	72000	98000	223000	15000	83000	53000	55000	76000	45000	159000	159000	94000	90000	0																																																																																												2244000	1770000	2552000	N	N	N	1199	492	20	30	1048	음식	868	서비스	38	15
지알로파스타바	서울시 마포구 독막로31길 18 1층	POS	0	126000	93000	59000	3000	44000	0	29000	45500	46500	23500	0	42000	0	30000	172000	118500	20000	84500	46500	45500	89000	238000	129500	150000	19000	55000	64000	138000	23000	119000	60500	184000	22500	40000	164500	86000	47000	9500	21500	60000	82500	30000	67000	94000	65500	47500	48000	67000	36000	64000	65500	182000	98500	65000	55500	43000	40500	64000	69000	23500	21000	0	64000	12000	135000	162000	0	96000	23000	15000	41000	43000	44000	112000	77500	43000	60000	40500	126000	10000	20000	86000	41500	58000	61000	147000	44000	131000	50000	0																																																																																												2053000	2024500	1742500	N	N	N	94	142			74	음식	34	재료	2301	2
진돈	서울시 마포구 성암로13길 58 2층	POS	95000	71000	0	0	74500	112000	115000	48000	43000	0	0	99000	94500	32000	78500	41000	0	0	161000	74000	109000	134000	123000	0	0	38000	22500	59500	31000	87500	0	0	43000	82000	103000	117500	105500	0	0	19000	56000	35500	73500	84000	0	0	81500	73000	20500	71000	105000	0	0	0	0	38000	134000	70500	0	0	49000	69000	93500	92000	104000	0	0	139500	82000	57500	62000	70500	0	0	52000	163000	138000	72500	82000	0	0	109500	24000	62000	57000	28000	0	0	82500	68000	0																																																																																												1743000	1430500	1639500	N	N	N	159	34			56	음식	17	서비스		
치킨앤카레군	서울시 마포구 동교동 164-11	POS	289700	480000	758000	415800	314900	161400	140900	209200	270500	826400	668100	212500	438400	396600	251000	668400	1062500	466700	384400	452200	448200	505600	622600	584000	949700	306000	529800	737000	760200	682700	1144900	793500	496400	455900	502400	407100	351400	1017000	431500	364100	416300	486300	572000	644400	917000	653600	238300	311400	423500	406900	493800	564600	705200	544300	179700	305800	311200	546000	1069800	416800	573500	548600	438200	273500	642700	595100	526300	323000	248900	202600	569200	644900	771800	491600	530600	217600	571300	664800	524000	814500	693400	272100	414100	623500	482000	489000	670100	647300	762900	694900	0																																																																																												16138300	16148300	14799900	N	N	N	1654	602	20	10	1086	음식	653	서비스	6317	6654
카페루치아	서울시 마포구 서교동 368-6	POS	20800	27700	88100	43300	5500	0	16700	25200	47300	78400	82400	22600	0	13600	39500	35500	48100	94100	9300	0	19700	6750	30800	105100	149000	10600	0	8600	8600	26000	71100	38200	16100	0	7300	15600	6300	18300	53600	20953	0	5800	23600	18100	68700	69300	10600	0	17400	0	13300	23500	0	37900	10100	12800	45200	33500	71200	62100	22600	0	36500	10100	15800	70400	40700	29600	0	5500	18500	0	71900	56000	2000	0	5300	5500	18300	80100	64300	17500	0	43300	17600	38100	95000	64300	24600	6000	0																																																																																												1134350	722053	836900	N	N	N	165	75			44	인테리어	37	분위기	50	120
코코가츠	서울시 마포구 신수동 10-2 1층	POS	89000	89500	108500	26000	75000	74500	109000	61000	69000	74500	47500	111000	113500	119500	39500	37000	58000	0	40000	29000	123500	22000	84500	28000	34000	102000	11500	10000	41000	17000	50500	0	93000	30000	28500	21000	39500	25000	82000	24000	78500	8500	99000	48000	90500	84000	17500	32000	29000	89500	35500	0	0	0	0	54500	71000	0	19500	33000	27500	68000	69500	26500	27500	17000	9500	38500	36000	40500	10000	17000	49000	18500	43500	32500	49500	26500	36000	27000	65000	61000	62000	73500	90000	64000	32500	29500	20500	35500	0																																																																																												1895000	1228500	1108000	N	N	N	184	39	20	30	62	음식	31	혼밥		
크레이지카츠	서울시 마포구 합정동 391-5 2층	POS	321500	219000	446000	519500	416500	271000	345000	153000	372500	324500	383500	221500	251000	171000	366500	286000	332000	376000	397500	401000	240500	175000	211000	344500	557000	187000	376500	386500	232000	322000	451000	366000	295000	454000	302000	223000	267100	403000	376000	304500	469000	399000	367000	227000	392000	361000	433000	200000	231000	256000	373500	0	0	273000	237500	101500	335000	311000	441000	366500	507000	162000	279500	337000	315000	434500	515500	281500	135500	404000	193500	278500	449000	408500	348000	393000	250500	266500	217500	337000	529000	424500	193000	217000	301000	337500	371500	325500	209500	304500	0																																																																																												10057500	9433600	9057500	N	N	N	1722	1697	20	30	669	음식	313	서비스	1781	38
테이커테이블	서울시 마포구 동교로30길 6 반계단 위 1층	POS	42000	82000	212500	203000	88000	99000	110000	77000	191000	219000	286000	6000	80000	144000	174000	378000	213000	340000	171000	86000	252000	282000	201000	356143	260932	219000	196000	250000	221000	327000	302100	346000	94000	201000	114000	166000	208000	435000	462000	223000	184000	134000	173000	264000	258000	288100	137000	150000	129500	219000	298000	212000	0	0	308000	158000	175000	158000	319000	200000	195000	201000	165000	271000	254000	300000	238000	22000	212000	268000	201000	243500	188000	205000	182000	343000	206000	179000	166000	203000	369000	70000	323000	188000	204000	158000	356000	281000	277000	154000	0																																																																																												6068675	6409600	6226500	N	N	N	755	390	20	10	630	음식	437	인테리어	877	43
토모토카레	서울시 마포구 서교동 335-4	POS	333700	437800	410600	479600	301800	355300	351300	345000	259700	501000	429400	211000	235800	312600	345500	298800	388800	391500	442500	322600	439000	369000	285900	518800	427900	340900	291300	513000	414100	453400	377000	0	391000	307700	443200	391000	469100	599500	491300	408300	261900	459700	422600	318600	449200	542400	395100	377600	337100	278300	396350	0	0	258900	304500	335000	429800	292400	608200	479200	493300	475100	202100	290400	334160	719300	665300	477800	384700	310700	338500	390000	631400	517500	356200	487400	392000	392100	358020	535200	467100	343700	286000	453200	372100	287500	517200	449500	413400	422600	0																																																																																												11584600	11416350	11795080	N	N	N	655	436	20	10	264	음식	100	서비스		
토파	서울시 마포구 합정동 369-3	POS	98000	106000	193000	438000	96000	0	141000	69000	103000	227000	40000	40000	0	307000	84000	338000	112000	157000	124000	0	90000	901000	32000	638000	244000	0	0	193000	32000	392000	269000	101000	34000	0	64000	158000	144000	120000	147000	0	0	57000	52000	135000	94000	194000	158000	0	172000	186000	141000	0	0	229000	32000	56000	23000	91000	168000	137000	296000	0	225000	376000	361000	378000	192000	47000	0	157000	92000	34000	209000	35000	124000	106000	0	0	224000	85000	286000	248000	0	102000	0	133000	347000	138000	87000	0	0																																																																																												5464000	2989000	3986000	N	N	N	147	270	20	30	43	서비스	40	음식	948	590
포트 앤 나달	서울시 마포구 월드컵로23길 19 2층	POS	0	0	16000	0	0	0	0	2000	0	0	0	0	0	0	0	10000	32000	0	0	0	7000	33000	62000	164000	0	0	0	0	10000	0	39000	0	0	0	0	0	0	42000	52000	0	0	0	76000	60000	38000	98000	0	0	27000	10000	0	27000	0	0	67000	35000	0	47000	204000	24000	0	0	48000	32000	0	60000	0	0	13000	38000	11000	0	21000	0	0	0	38000	10000	36000	70000	0	0	0	0	0	0	24000	14000	0	0	0																																																																																												375000	807000	415000	N	N	N	83	42			49	음식	45	인테리어	308	195
해물기와	서울시 마포구 공덕동 242-34 1층 해물기와	POS	0	0	0	0	0	0	0	0	0	0	0	0	0	0	0	0	0	0	0	0	0	0	0	0	0	0	0	0	0	0	0	0	182500	83000	225500	184000	214000	122500	11000	185500	255500	390000	159000	159500	390500	0	148500	243000	103353	203000	162000	0	0	0	59000	296000	388500	269846	114000	38000	135000	171000	42500	369500	344500	119000	48000	168500	164500	253500	206000	229000	351000	64500	284000	15000	81500	167000	467000	429000	109500	110500	151000	262000	293000	339000	75365	0	204500	348500	221																																																																																												0	4893699	5697586	N	N	N	123	67	30	20	87	음식	73	서비스		
헤키	서울시 마포구 망원동 57-135	POS	165000	134000	335500	138000	0	0	160000	230000	211500	346000	263000	0	0	174500	206500	119000	161500	291000	0	0	132000	67000	133500	338000	415500	0	0	154000	93000	99500	320000	197500	0	0	263000	179000	223500	223500	126500	0	0	211000	277500	149000	294000	389500	0	0	239000	169500	192000	256500	0	0	0	142500	251500	132000	354500	184500	0	0	226500	172000	275500	257000	360000	0	0	183000	270500	186000	343500	222000	0	0	331000	217000	109500	280500	330500	0	0	190500	182500	196000	199500	222500	0	0	0																																																																																												4688000	4456000	4755500	N	N	N	572	1085	20	30	285	음식	115	서비스	1427	107
흑심	서울시 마포구 연남동 387-15 2층	POS	17000	0	49000	87500	17000	68000	30000	60000	30000	197000	112000	15000	64000	0	23000	50000	51000	143000	81000	49000	79000	36000	89000	20000	134500	109000	66000	0	94000	33000	100000	24000	60000	33000	61000	17000	30000	64000	97000	34000	64000	15000	38000	51000	32000	140000	0	34000	3000	32000	16000	0	0	120000	16000	0	131000	118000	102500	68000	51000	150000	50000	17000	81000	65000	65000	20000	16000	3000	127000	64000	182000	86000	52000	133000	15000	33000	34000	63000	17000	64000	38000	58000	17000	17000	66000	82000	83000	41000	0																																																																																												1904000	1601500	1589000	N	N	N	377	306	20	10	192	음식	71	양	372	1
