﻿식당,wallet_size
kitchen485,small
감성카츠,small
감성타코(홍대점),small
광야,small
까사라티나,small
덩크트레이,small
돈카츠준,small
드렁큰비건,small
루나씨엘로,small
마루돈까스,small
멕시코다이너,small
명동왕돈까스직영점,small
몰토베네합정,small
묘한식탁,small
바삭마차(망원시장점),small
벨라또띠아,small
붉은낙타,small
브라운돈까스상암MBC몰,small
블루쿠치나,small
비볼리,small
비스트로에버,small
빌리더다이닝,small
빠네돌체,small
소나무연남,small
소코아,small
수엠부,small
스푼필라프홍대점,small
스프링비스트로,small
슬로우야드바비큐,small
아르고보니,small
앨리스바이미니멜츠,small
에트나퓨,small
엘리스리틀이태리,small
연남동와이탑,small
엽전식당연남점,small
오이도,small
요나끼,small
우애돈카츠연남점,small
이오카츠공덕점,small
이응이응이응이응,small
인더썬,small
쥬벤쿠바연남점,small
지알로파스타바,small
진돈,small
치킨앤카레군,small
코코가츠,small
크레이지카츠,small
테이커테이블,small
토모토카레,small
토파,small
포트앤나달,small
헤키,small
흑심,small
